{"Modules":[{"Key":"","Source":"","Dir":"."},{"Key":"common-N01660290","Source":"./modules/common-N01660290","Dir":"modules/common-N01660290"},{"Key":"common_services","Source":"./modules/common-N01660290","Dir":""},{"Key":"compute","Source":"./modules/compute","Dir":""},{"Key":"data_disks","Source":"./modules/datadisk-N01660290","Dir":""},{"Key":"database","Source":"./modules/database-N01660290","Dir":""},{"Key":"database-N01660290","Source":"./modules/database-N01660290","Dir":"modules/database-N01660290"},{"Key":"datadisk-N01660290","Source":"./modules/datadisk-N01660290","Dir":"modules/datadisk-N01660290"},{"Key":"linux_vms","Source":"./modules/vmlinux-N01660290","Dir":""},{"Key":"load_balancer","Source":"./modules/loadbalancer-N01660290","Dir":""},{"Key":"loadbalancer-N01660290","Source":"./modules/loadbalancer-N01660290","Dir":"modules/loadbalancer-N01660290"},{"Key":"network","Source":"./modules/network-N01660290","Dir":""},{"Key":"network-N01660290","Source":"./modules/network-N01660290","Dir":"modules/network-N01660290"},{"Key":"resource_group","Source":"./modules/rgroup-N01660290","Dir":"modules/rgroup-N01660290"},{"Key":"rgroup","Source":"./modules/rgroup-N01660290","Dir":"modules/rgroup-N01660290"},{"Key":"rgroup-N01660290","Source":"./modules/rgroup-N01660290","Dir":"modules/rgroup-N01660290"},{"Key":"rgroup-N01660290.rgroup-N01660290","Source":"./modules/rgroup-N01660290","Dir":""},{"Key":"vmlinux-N01660290","Source":"./modules/vmlinux-N01660290","Dir":"modules/vmlinux-N01660290"},{"Key":"vmwindows-HumberID","Source":"./modules/vmwindows-HumberID","Dir":""},{"Key":"vmwindows-N01660290","Source":"./modules/vmwindows-N01660290","Dir":"modules/vmwindows-N01660290"},{"Key":"windows_vm","Source":"./modules/vmwindows-N01660290","Dir":""}]}